id,priority,area,title,classification,confidence,evidence,user_impact,effort_engineer_days,dependencies,recommendation,acceptance_criteria,source_refs
A01,P1,Functionality / speed / customization,Restore startup services without silent fallback,Confirmed current defect,High,"Normal import and native launch both yield runner=None, run_vm=None, sops=None. AppSettings comes from main_window. The import targets views.services, which is absent.","The desktop silently loses background execution, SOP availability, and main-window persistence.",1–2,A02 and A03 must accompany release,"Correct the service imports, narrow optional-feature exception handling, and report unavailable required services. Declare persisted layout fields and avoid overwriting restored geometry at startup.","Unpatched MainWindow has real runner/view model/SOP/settings objects. Across a fresh process, selected pipeline, units, image, overlays and supported layout fields restore. Test startup service identities rather than patching them away.",src/menipy/gui/views/main_window.py:113; src/menipy/gui/services/settings_service.py:17; src/menipy/gui/app.py:135
A02,P1,Functionality,Bind completed results to the original job and validation context,Confirmed latent defect,High,"A real worker/view-model signal probe returned qa.ok=False and an original image path. The resulting history row was Accepted, had empty rejection reasons and no filename, and used the newly selected Pendant pipeline.",Restoring the runner as-is exposes incorrect validation status and misattributed records.,2–3,A01; release together,"Use one completion envelope with job identity, submitted pipeline/source/settings and full Context. Persist through build_persisted_analysis exactly once for every mode; do not infer identity from current controls.","Rejected static and dynamic jobs retain rejection reasons/diagnostics with empty accepted metrics. Switching pipeline/source mid-run cannot change stored identity. Success, rejection, duplicate signals and out-of-order completion create exactly one correct row each.",src/menipy/gui/controllers/pipeline_controller.py:875; src/menipy/gui/controllers/pipeline_controller.py:898; src/menipy/gui/views/results_panel.py:1191; src/menipy/models/results.py:40
A03,P1,Speed / UX,Keep computation off the UI thread and make Stop meaningful,Confirmed current and latent defects,High,A 20 ms Qt timer fired after 253.2 ms while a 250 ms synthetic direct pipeline ran. The worker probe still completed 352.2 ms after Stop; Stop only clears queued tasks.,Users cannot reliably interact with or stop long analysis; status can imply cancellation that never happened.,3–5,"A01, A02","Route full, simple, stage-test and calibration computation through workers. Replace synchronous fallback with a submission error. Add job-scoped cancellation checks between stages/frames and callbacks inside long solvers where supported; report stopping while an uninterruptible operation finishes.","A synthetic 500 ms job leaves a 20 ms GUI heartbeat running; no duplicate submissions. Stop cancels queued jobs and suppresses cancelled result publication, preserves completed history, and reports terminal cancellation once. Measure solver cancellation latency separately; never claim instantaneous interruption of native calls.",src/menipy/gui/controllers/pipeline_controller.py:1066; src/menipy/gui/controllers/pipeline_controller.py:667; src/menipy/gui/controllers/main_controller.py:332; src/menipy/gui/dialogs/calibration_wizard_dialog.py:356
A04,P1,Functionality / UX,Expose Dynamic Sessile in the real application,Confirmed current defect,High,"The controller has dynamicSessileBtn, but its parent is hidden. The toolbar reparents only five static mode buttons. Native startup shows those five buttons, although the core discovers and tests sessile_dynamic.",A supported analysis capability is inaccessible through the primary workflow.,0.5–1,Independent of A01; A03 for responsive execution,Include Dynamic Sessile in the primary mode selector and expose its sequence/FPS controls. Add a visible-window integration test across every discovered supported mode.,"Keyboard and pointer users can select Dynamic Sessile without private APIs, choose video or frame directory, supply FPS where needed, and reach timeline results/export. Static mode controls remain correct.",src/menipy/gui/views/main_window.py:550; src/menipy/gui/views/main_window.py:555; src/menipy/gui/views/main_window.py:691
A05,P1,Functionality / UX,Make folder processing explicit,Confirmed current behavior / missing capability,High,"With three images in a selected folder, gather_run_params provides the folder plus a selected image, but run_full submits exactly one image. Folder mode continues to label its action Run Analysis.",Users may believe a folder was processed when only one file was analyzed.,3–5,"A02, A03","Separate Run selected and Run folder; display file count, per-file outcomes, progress, retry failures and a consolidated export. Keep a temporal frame directory distinct from an independent-image batch.","A three-file folder produces three identified outcomes; one corrupt file is reported without losing the others. Cancellation retains completed records. Dynamic sequence input remains one temporal result, not three unrelated analyses.",src/menipy/gui/controllers/setup_panel_controller.py:426; src/menipy/gui/controllers/pipeline_controller.py:571
A06,P1,Functionality / reliability,Report and recover from failed history writes,Confirmed current defect,High,Injecting PermissionError during add_measurement returned normally and left a new in-memory row. _save_history catches every exception without logging or a user-visible error.,A displayed measurement can disappear after restart without warning.,1–2,Independent; coordinate with A02,Use atomic persistence and a visible unsaved state with retry/export recovery. Preserve the last good file and keep measurements recoverable in memory.,"Read-only destination, simulated disk-full and interrupted write retain the prior file. Users see unsaved status; successful retry clears it. Restart never reads a partially written JSON file.",src/menipy/models/results.py:235; src/menipy/models/results.py:90
A07,P2,Functionality / UX,Carry calibration provenance and warnings through every path,Confirmed path inconsistency,High,Normal Run blocks absent ROI/needle regions. The advanced run builder instead supplied 10 px/mm with a fallback warning when no regions were present. The native wizard allowed Apply All with substrate confidence 25% and overall confidence 81%.,Different entry points can lead to different confidence assumptions; aggregate confidence can hide a weak prerequisite.,2–3,A02; scientific contract review,"Record scale origin (measured/manual/estimated/missing), show component warnings beside results and export them. Keep preview possible, but require explicit handling of estimated scale before publishing calibrated physical values. Do not change scientific rejection thresholds as part of UI cleanup.",Missing or estimated scale is visible in stage tests and exports. Manual valid calibration is honored. A weak substrate remains visibly flagged even when overall confidence is high. Existing numerical conformance gates continue to pass.,src/menipy/gui/controllers/pipeline_controller.py:206; src/menipy/gui/controllers/pipeline_controller.py:55; src/menipy/gui/dialogs/calibration_wizard_dialog.py:450
A08,P2,Customization,Turn SOPs into complete reusable analysis presets,Confirmed latent gap,High,"SopController creates presets with params={}; applying them only sets stage inclusion. SopService can persist parameter dictionaries, but normal startup currently disables the service.",Researchers cannot reliably repeat or share a full configured workflow using SOPs.,3–5,"A01, A02","Capture typed preprocessing, detection, physics, geometry, calibration choices, plugin selections and stage inclusion. Support named save/update/import/export with versioning and a summary before applying.","After process restart, a preset round-trips all supported values and reproduces run configuration. Missing plugin/version conflicts are explained. Applying a preset does not silently retain incompatible settings from the previous mode.",src/menipy/gui/controllers/sop_controller.py:96; src/menipy/gui/controllers/sop_controller.py:200; src/menipy/gui/services/sop_service.py:21
A09,P2,UX / accessibility,Name icon controls and guide source readiness,Confirmed UI/API evidence,High,"The native accessibility tree reports blank names for inactive mode buttons, source toggles and panel toggles. Startup enables Run Analysis with no image; switching to an empty folder leaves the old preview/results visible.","Controls are hard to discover without hovering, and the current source can be confused with a previous result.",1–3,"Coordinate with A04, A05","Set explicit accessible names and label associations, offer persistent mode labels, show source readiness and explain prerequisites next to Run. Clearly mark previous results when source selection changes.","Keyboard-only selection, loading, calibration, run and export have visible focus and meaningful names. Empty-source Run is disabled with a reason or routes to source selection. Source changes invalidate stale calibration or visibly associate it with its source.",src/menipy/gui/views/main_window.py:539; src/menipy/gui/controllers/setup_panel_controller.py:691
A10,P2,UX,Keep calibration status and result rows readable,Confirmed visual issue,High,"At the captured native size, calibration opens zoomed so the drop base is out of view; detected-region status text is clipped beside Draw buttons. After analysis the results table shows a header and only a sliver of the selected row.",Users must adjust layout before verifying detections or reading the measurement table.,1–2,Independent; retain existing layout presets,"Fit the complete image on initial calibration display, allocate enough width for status text, and reserve usable table height when results exist. Keep splitter controls and saved layouts.","At 1200×800 and 1366×768 logical layouts, and 100/125/150% display scaling, the first result row and all confidence text remain readable. Window resizing preserves image aspect ratio and offers access to every action.",src/menipy/gui/dialogs/calibration_wizard_dialog.py:38; src/menipy/gui/views/main_window.py:299
A11,P2,Speed / scale,Bound decoded video and detection memory,Measured scaling cost,High,Separate-process 640×480 MJPG probes retained 26.37 MiB for 30 frames and 263.67 MiB for 300 frames. Process peak working set rose from 171.08 to 408.58 MiB. Temporal analysis additionally builds a detection list for all frames.,Long recordings can exhaust memory before results are available.,5–10,A03; temporal contract and scientific conformance tests,"Introduce incremental decoding with bounded frame/detection buffers or a disk-backed sequence store, and retain lightweight result series. Preserve timing, ordering, scale initialization, reacquisition and classification semantics.","A 10× longer clip does not retain 10× decoded pixels. Outputs match existing fixtures within established tolerances, including first-five scale samples, occlusions, rejection, timestamps and export order. Cancellation releases decoder resources.",src/menipy/common/sequence_acquisition.py:82; src/menipy/common/temporal_sessile.py:195
A12,P2,Speed,Profile fitting and startup imports before broad optimization,Measured hotspot / investigation,High,Sampled warm pipelines took 1.48 s sessile and 1.90 s pendant; fitting dominated their last-run stage time (~93% and ~92%). One pendant first call took 9.02 s. Fresh-process startup samples ranged 3.18–6.64 s and were dominated by import/Qt setup.,These are the most defensible targets for reducing waiting in the sampled workflows.,2–4 investigation; implementation sized after profile,A03 first; preserve numerical contracts,"Profile solver evaluations, initialization and repeated model work on controlled fixtures. Separate first-use costs from warm execution; inspect eager imports and optional initialization. Keep existing preview caching, which already makes repeat loads sub-millisecond in this probe.",Record distributions on fixed inputs and environment with numerical equivalence. Accept optimizations only with unchanged rejection/fit behavior and demonstrable timing improvement; no claimed speedup based on these baseline samples alone.,src/menipy/pipelines/base.py:424; src/menipy/pipelines/discover.py:59; src/menipy/gui/views/preview_panel.py:163
A13,P2,Functionality / UX,Clarify export scope and preserve machine-readable provenance,Confirmed source and output evidence,High,"Top Export CSV writes history, while the table Export writes visible cells/columns. The actual native export contains a time-of-day timestamp without its date and lacks schema_version and explicit calibration scale columns.",Users can export a different scope than expected; cross-day analysis and reproducibility lose context.,1–2,A02; result contracts,"Label Export all history and Export current view distinctly. Add a canonical machine export with full ISO timestamp, source identity, schema version, calibration and settings/plugin provenance; keep human-readable view export.","Both actions explain scope and preserve filters as labeled. Machine export round-trips dates, units, validation and original sources; hidden view columns cannot silently remove mandatory provenance from the machine export.",src/menipy/gui/controllers/main_controller.py:448; src/menipy/gui/views/results_panel.py:428; src/menipy/models/results.py:175
A14,P3,Speed / customization,Improve history retention deliberately before scaling the table,Measured future scaling cost,High,"Default history retains 100 records. Warm table refresh was 76 ms at 100 and 633 ms at an artificially populated 1,000 records; save was ~10 and 49 ms respectively. The 1,000-row case exceeds the default retention cap.",Larger projects would make full rebuilding noticeable; current users first need to understand the 100-record retention limit.,2–3,A06; A05 if batch increases history volume,"Expose retention/export behavior, then consider project-backed history and an incremental Qt table model if larger histories are required. Avoid prioritizing a database rewrite solely from the 1,000-row stress case.",Retention is visible and configurable with deliberate archival behavior. Default-size refresh remains responsive; larger-history targets are benchmarked before committing to a storage migration.,src/menipy/models/results.py:76; src/menipy/gui/views/results_panel.py:482
A15,P3,Customization / UX,Offer a coherent appearance and workspace preference surface,Exploratory product idea,Medium,"Units, overlay/marker dictionaries, result columns, splitters, analysis QSettings and plugin DB settings have existing persistence mechanisms. The unused SettingsDialog advertises GPU/thread/theme options but has no discovered caller; it is not evidence those controls are available in the product.","A single preference surface could make existing customization understandable, with font/density/theme choices added only when backed by real behavior.",2–4,A01; validate demand before adding theme/GPU controls,"Consolidate existing preferences and add reset/export/import. Consider readable font size, density and light/dark/system appearance. Do not expose GPU or parallel switches until supported and measured.","Every visible preference loads, applies and survives restart, has a reset path and accurately describes scope. Unsupported controls are absent or clearly disabled; no cosmetic setting claims performance gains.",src/menipy/gui/services/settings_service.py:17; src/menipy/gui/dialogs/settings_dialog.py:27
